sample,feature,shap
0,age,0.04664655737405682
0,sex,-0.0016515480577042872
0,chest pain type,-0.05260733312303666
0,resting bp s,0.012804483804107925
0,cholesterol,0.006146216966008079
0,fasting blood sugar,-0.011840546805814171
0,resting ecg,0.027985855055966884
0,max heart rate,-0.0027690606817746995
0,exercise angina,0.019524133631481803
0,oldpeak,0.01281133595383993
0,ST slope,-0.19165403109664308
1,age,-0.009925432151775765
1,sex,-0.005522088749845515
1,chest pain type,-0.0770920522027603
1,resting bp s,0.0103918610241228
1,cholesterol,-0.003633666950053242
1,fasting blood sugar,-0.005544928829522861
1,resting ecg,0.04376791511075636
1,max heart rate,0.0031732307978404066
1,exercise angina,-0.0017309492312890383
1,oldpeak,0.014963733619434514
1,ST slope,0.20454965554266502
2,age,0.006031822191826953
2,sex,-0.0032149972794989694
2,chest pain type,-0.05210094732491
2,resting bp s,-0.00297176158213421
2,cholesterol,-0.020440682379319258
2,fasting blood sugar,-0.007897623004917309
2,resting ecg,-0.025144624546820628
2,max heart rate,0.004832073968664262
2,exercise angina,-0.01496457586141506
2,oldpeak,0.08692944711828832
2,ST slope,-0.15883029152157654
3,age,-0.048419060630967264
3,sex,-0.053565650722000646
3,chest pain type,0.028866038242762803
3,resting bp s,-0.004571761330708195
3,cholesterol,-0.006303604811249326
3,fasting blood sugar,-0.021221688619175914
3,resting ecg,0.013967698555786143
3,max heart rate,-0.011135852013164109
3,exercise angina,-0.03668643746525181
3,oldpeak,-0.06870252131976955
3,ST slope,-0.20291416529112358
4,age,0.05157434052241498
4,sex,-0.023319786184840378
4,chest pain type,-0.07132179564532697
4,resting bp s,-0.0038236752748233016
4,cholesterol,-0.0019261106228126877
4,fasting blood sugar,-0.0033826055790946996
4,resting ecg,0.010843449312044149
4,max heart rate,0.01631111262049287
4,exercise angina,-0.015133601408146685
4,oldpeak,-0.03098871464275739
4,ST slope,-0.1538352459984659
5,age,0.018654546596970096
5,sex,0.02371918095286385
5,chest pain type,0.12527441869147296
5,resting bp s,-0.001843523533627402
5,cholesterol,0.03437258641234772
5,fasting blood sugar,-0.011783170801935791
5,resting ecg,0.016660523322664902
5,max heart rate,0.029068857677096296
5,exercise angina,-0.022988049609004337
5,oldpeak,0.017020734975921836
5,ST slope,0.13980109621477507
6,age,0.011191533433871123
6,sex,0.008111029117777118
6,chest pain type,0.09580418156868846
6,resting bp s,-0.005366668269646856
6,cholesterol,0.03068476272087745
6,fasting blood sugar,0.025232147218301085
6,resting ecg,0.011840505406085767
6,max heart rate,0.029238882210622288
6,exercise angina,0.023134247256940136
6,oldpeak,-0.010083176749563848
6,ST slope,0.2097064767613809
7,age,0.002053216944947773
7,sex,-0.009240451852436998
7,chest pain type,-0.12745270086471105
7,resting bp s,0.032144683877911834
7,cholesterol,-0.030717155701820896
7,fasting blood sugar,-0.0030329986718538593
7,resting ecg,0.02648118226256448
7,max heart rate,0.015502097061133072
7,exercise angina,-0.017135127973565676
7,oldpeak,0.012653989058125144
7,ST slope,-0.1326087847637846
8,age,0.0021245435106395094
8,sex,-0.006116705280545178
8,chest pain type,-0.05311088402628847
8,resting bp s,0.00042341653366287965
8,cholesterol,-0.028919236766889872
8,fasting blood sugar,-0.006740307155405113
8,resting ecg,-0.028323025827177932
8,max heart rate,-0.004601288447528128
8,exercise angina,-0.010444762806914601
8,oldpeak,0.018608841861618524
8,ST slope,-0.15446279119275874
9,age,-0.015225044673749239
9,sex,0.011330485062482156
9,chest pain type,0.15656893141016998
9,resting bp s,0.007253636423036197
9,cholesterol,0.08592679428769201
9,fasting blood sugar,0.07515804855458519
9,resting ecg,-0.0023189571000909867
9,max heart rate,0.011470704737143157
9,exercise angina,-0.02839918903541257
9,oldpeak,0.07846948084508301
9,ST slope,-0.12918863715870468
10,age,0.007676943653234746
10,sex,0.013238298454434532
10,chest pain type,0.12818114886571197
10,resting bp s,0.0032338145262193023
10,cholesterol,-0.019877724745759735
10,fasting blood sugar,-0.005228052078422617
10,resting ecg,-0.010029561799566357
10,max heart rate,0.02163356087490496
10,exercise angina,0.04641871216444476
10,oldpeak,0.03946700488988428
10,ST slope,0.19001348615828478
11,age,-0.024655059347695355
11,sex,-0.029501514342366336
11,chest pain type,-0.007460049589248768
11,resting bp s,-0.004031535094371659
11,cholesterol,-0.009795020981085922
11,fasting blood sugar,-0.010752176451166415
11,resting ecg,0.0708139244433496
11,max heart rate,0.011067889105011969
11,exercise angina,-0.012327353141243119
11,oldpeak,0.02426572310688842
11,ST slope,0.24769327747164885
12,age,0.016060505863973656
12,sex,0.021547426347091236
12,chest pain type,0.12116212679245834
12,resting bp s,-0.006768233243982632
12,cholesterol,0.03953428005629411
12,fasting blood sugar,-0.012688302254446882
12,resting ecg,-0.011328681150553865
12,max heart rate,0.0270820461963394
12,exercise angina,0.04348437314339442
12,oldpeak,-0.0016043250992108186
12,ST slope,0.14193261978694602
13,age,0.013915161456968882
13,sex,-0.07583039768230221
13,chest pain type,0.07524427931951895
13,resting bp s,0.007396155168023608
13,cholesterol,-0.027892557006486803
13,fasting blood sugar,0.05842012662721087
13,resting ecg,-0.006171654477850018
13,max heart rate,0.013852342749987687
13,exercise angina,-0.028527963585222176
13,oldpeak,0.013552320904221728
13,ST slope,0.16697332903859854
14,age,0.007464981086924087
14,sex,-0.0814281181218069
14,chest pain type,0.08059535638178625
14,resting bp s,-0.02125513998339353
14,cholesterol,-0.027685195216199592
14,fasting blood sugar,-0.014362181429507728
14,resting ecg,0.006775444671556092
14,max heart rate,-0.028521253421483
14,exercise angina,0.029809085471634855
14,oldpeak,0.04454177573375814
14,ST slope,0.15727492513168603
15,age,-0.010071099251585705
15,sex,0.023084548694476847
15,chest pain type,0.13215409413980408
15,resting bp s,-0.002745724213925425
15,cholesterol,0.025578702817786726
15,fasting blood sugar,-0.010897013579846015
15,resting ecg,0.014941690145398579
15,max heart rate,-0.0020734928005229254
15,exercise angina,0.046640963738146
15,oldpeak,-0.0004326932804468111
15,ST slope,0.1526981687488126
16,age,-0.0076427359004436176
16,sex,0.020427592850829013
16,chest pain type,0.14411900366962163
16,resting bp s,0.005911217693129767
16,cholesterol,-0.013914309298316944
16,fasting blood sugar,-0.006116119360258222
16,resting ecg,-0.01646656893535839
16,max heart rate,0.006386528400003748
16,exercise angina,0.04843427020909646
16,oldpeak,0.06156818393316919
16,ST slope,0.12157729787727613
17,age,0.029650035274635198
17,sex,0.011831106696009897
17,chest pain type,0.10992455439497574
17,resting bp s,-0.0005640297321339331
17,cholesterol,0.0082313304583722
17,fasting blood sugar,-0.008907950564684922
17,resting ecg,-0.009086143862319226
17,max heart rate,0.03557440318251161
17,exercise angina,0.03626418712638045
17,oldpeak,-0.01757583295798229
17,ST slope,0.19931807857763037
18,age,0.0169169189241172
18,sex,-0.004165047989123412
18,chest pain type,-0.05294408988462334
18,resting bp s,-0.006306045234534684
18,cholesterol,-0.0063462563321825495
18,fasting blood sugar,-0.007221087880073989
18,resting ecg,-0.021358826164092532
18,max heart rate,0.01313324154439672
18,exercise angina,-0.019510294005277613
18,oldpeak,0.01449266815680661
18,ST slope,-0.1724492824977423
19,age,-0.005809845453703532
19,sex,-0.0008351071030315779
19,chest pain type,-0.06590193996795551
19,resting bp s,-0.013283403594239159
19,cholesterol,-0.03593999612600633
19,fasting blood sugar,-0.011486595925370609
19,resting ecg,-0.030265550592742094
19,max heart rate,-0.005609733806827463
19,exercise angina,-0.027368552146251397
19,oldpeak,-0.055200202928904
19,ST slope,-0.2427530513294681
20,age,0.02160449951239086
20,sex,0.0165821600650849
20,chest pain type,-0.026855780887971976
20,resting bp s,0.001482078992943199
20,cholesterol,0.02791039681925201
20,fasting blood sugar,-0.008520009088344513
20,resting ecg,-0.025794982238073322
20,max heart rate,0.04973599020683292
20,exercise angina,0.04862683438726907
20,oldpeak,-0.011556850463475007
20,ST slope,0.19392048275253965
21,age,-0.04634296964389218
21,sex,-0.019165578803251877
21,chest pain type,-0.05516594793195371
21,resting bp s,0.0016871857364774859
21,cholesterol,-0.022438985766219072
21,fasting blood sugar,-0.011858857761252315
21,resting ecg,-0.027882692618797875
21,max heart rate,-0.001911131639082037
21,exercise angina,-0.0295086806904517
21,oldpeak,-0.06474230119848774
21,ST slope,-0.18917066991649084
22,age,0.00916114730499416
22,sex,0.01198426830745113
22,chest pain type,-0.018751903286217838
22,resting bp s,-0.011087175391185906
22,cholesterol,0.02728677031320134
22,fasting blood sugar,-0.007585200720949955
22,resting ecg,0.01946811343979287
22,max heart rate,0.032235362055882455
22,exercise angina,0.038426940615017134
22,oldpeak,0.023549169597632404
22,ST slope,0.2122230829797295
23,age,0.007897180249938445
23,sex,0.0010985450057985372
23,chest pain type,-0.0731052108394861
23,resting bp s,0.0071183317132579235
23,cholesterol,-0.017732125939214898
23,fasting blood sugar,0.02433659585652967
23,resting ecg,0.029762110200192836
23,max heart rate,0.02028776812949727
23,exercise angina,-0.014972767902491711
23,oldpeak,-0.006007757946081542
23,ST slope,0.1718588752666033
24,age,0.011403272325509731
24,sex,-0.006795328238665534
24,chest pain type,-0.17509161721829608
24,resting bp s,0.016067026935435793
24,cholesterol,-0.009091469422383213
24,fasting blood sugar,-0.0005797819687834425
24,resting ecg,0.03782591173476616
24,max heart rate,0.021565128945340795
24,exercise angina,-0.0031971218927556127
24,oldpeak,-0.0008235775212167152
24,ST slope,0.17492192727758057
25,age,0.009127260159493064
25,sex,0.01794929169567668
25,chest pain type,0.14264408311146995
25,resting bp s,-0.0031523391977977292
25,cholesterol,-0.00934949374252756
25,fasting blood sugar,0.030602621735199273
25,resting ecg,-0.013112085066680419
25,max heart rate,0.018130312441405633
25,exercise angina,0.03653136851568341
25,oldpeak,0.0013615364378983333
25,ST slope,0.1579348240472023
26,age,-0.00663933758378528
26,sex,-0.0010185444823937145
26,chest pain type,-0.09023267858388927
26,resting bp s,-0.005555098968660279
26,cholesterol,-0.003150016255256517
26,fasting blood sugar,-0.00977571195935981
26,resting ecg,-0.03897362253763727
26,max heart rate,0.010826451649889572
26,exercise angina,-0.00858482687811796
26,oldpeak,0.01613776553205193
26,ST slope,0.18320463849399388
27,age,0.009945427890461768
27,sex,-0.0011477229475989098
27,chest pain type,-0.06558483155915376
27,resting bp s,-0.0023194585390914455
27,cholesterol,-0.028319375788822328
27,fasting blood sugar,-0.007177481075325784
27,resting ecg,-0.028305889213416584
27,max heart rate,-0.01566182775283658
27,exercise angina,-0.028160139863234217
27,oldpeak,-0.05476020231134863
27,ST slope,-0.20098319317373076
28,age,-0.0016491425266407466
28,sex,-0.002316763200753403
28,chest pain type,-0.09533897907041473
28,resting bp s,0.014231594796718962
28,cholesterol,-0.007221265124976458
28,fasting blood sugar,-0.00722830367646588
28,resting ecg,-0.03311930366023116
28,max heart rate,-0.0026865335419962934
28,exercise angina,0.03161659580944568
28,oldpeak,0.002533585367086168
28,ST slope,-0.18501997036683987
29,age,-0.013809292775969347
29,sex,5.944340354133061e-05
29,chest pain type,-0.06929041190524306
29,resting bp s,-0.007402017875624578
29,cholesterol,-0.016156800825655772
29,fasting blood sugar,-0.012134379351612037
29,resting ecg,-0.03016991182779207
29,max heart rate,-0.013703652239390582
29,exercise angina,-0.022976480515939587
29,oldpeak,-0.05674839609698908
29,ST slope,-0.24156239764891352
30,age,-0.017762035285340816
30,sex,-0.034274946540733084
30,chest pain type,-0.05885729696714118
30,resting bp s,-0.0021361726692803677
30,cholesterol,-0.028517886545503263
30,fasting blood sugar,-0.004946249997524332
30,resting ecg,-0.023259880343288603
30,max heart rate,-0.011462902446329573
30,exercise angina,-0.01835001062219979
30,oldpeak,0.024509707626079232
30,ST slope,-0.11241132706369134
31,age,-0.042510782406601645
31,sex,-0.061175409131648636
31,chest pain type,0.054955131959258594
31,resting bp s,0.02290635021102336
31,cholesterol,-0.006010315123189883
31,fasting blood sugar,-0.01612963898314746
31,resting ecg,0.009280807908615431
31,max heart rate,0.003466824031653245
31,exercise angina,-0.038098588510495
31,oldpeak,-0.06184973701478609
31,ST slope,-0.14092430584435905
32,age,0.015355305228067022
32,sex,0.004436061784158792
32,chest pain type,-0.08519105679586081
32,resting bp s,-0.01627603366183723
32,cholesterol,0.005061822849973873
32,fasting blood sugar,-0.007670265919255535
32,resting ecg,-0.027770208976815945
32,max heart rate,-0.027691202155923838
32,exercise angina,-0.004892255428873614
32,oldpeak,0.017837023377923603
32,ST slope,0.1731869379379538
33,age,-0.0062534495421141655
33,sex,-0.0008788995466518222
33,chest pain type,-0.07848168102072156
33,resting bp s,0.07935173280503685
33,cholesterol,-0.005940306846887781
33,fasting blood sugar,-0.008468282778949867
33,resting ecg,0.024710150593841546
33,max heart rate,-0.01968805858727536
33,exercise angina,0.03407766688456187
33,oldpeak,0.03925727542110731
33,ST slope,-0.15775268511727075
34,age,0.020597814807812833
34,sex,0.013097945547419634
34,chest pain type,0.13929764196051236
34,resting bp s,0.003923157852956277
34,cholesterol,-0.004186215139483746
34,fasting blood sugar,-0.007060919392695388
34,resting ecg,-0.011285415630039142
34,max heart rate,0.02523254589443174
34,exercise angina,0.05100378316797175
34,oldpeak,0.031046015465018145
34,ST slope,0.15663970530329258
35,age,0.016579725977630005
35,sex,0.0167232390543308
35,chest pain type,0.09683191220694559
35,resting bp s,-0.0012973304547796067
35,cholesterol,0.03654686478050855
35,fasting blood sugar,-0.00923451803078277
35,resting ecg,0.013965520854241534
35,max heart rate,0.026009207052040646
35,exercise angina,0.03495389377914358
35,oldpeak,-0.003793557386636329
35,ST slope,0.1732892486310552
36,age,0.010485701911194882
36,sex,-0.11815923477116161
36,chest pain type,0.05900582874524878
36,resting bp s,-0.013704225662344924
36,cholesterol,-0.02847128574878471
36,fasting blood sugar,-0.026716029502873936
36,resting ecg,-0.01782375155507914
36,max heart rate,-0.01433980925186117
36,exercise angina,-0.035110560434619145
36,oldpeak,-0.03364544539852061
36,ST slope,0.15073711162926448
37,age,-0.012840996930817406
37,sex,-0.0007938537744623598
37,chest pain type,-0.07165967800215851
37,resting bp s,-0.005935646447464281
37,cholesterol,0.0015732520475630694
37,fasting blood sugar,-0.017518058515663102
37,resting ecg,-0.02765015768206222
37,max heart rate,-0.0043880347338418725
37,exercise angina,-0.02495806494678452
37,oldpeak,-0.06050042404481647
37,ST slope,-0.24104561542962116
38,age,-0.007454931185038904
38,sex,-0.0032541304711169333
38,chest pain type,-0.19114774679149818
38,resting bp s,-0.018723549634624262
38,cholesterol,-0.006939369677111946
38,fasting blood sugar,-0.008085743705587038
38,resting ecg,-0.024996244410330184
38,max heart rate,-0.026974173806503816
38,exercise angina,-0.0017358988889457148
38,oldpeak,-0.004067068367687295
38,ST slope,0.1598516378070029
39,age,0.016477316991211508
39,sex,-0.0024411780096510066
39,chest pain type,-0.05781305626234017
39,resting bp s,-0.014067056700849533
39,cholesterol,0.004363942531417596
39,fasting blood sugar,-0.010664946939075689
39,resting ecg,-0.023818644330997257
39,max heart rate,-0.019723581534117535
39,exercise angina,-0.016711981861200827
39,oldpeak,0.0030087912252096368
39,ST slope,0.1959317073886177
40,age,-0.04004081266494591
40,sex,-0.0023806946922288246
40,chest pain type,-0.06481408363078037
40,resting bp s,0.004144246289922005
40,cholesterol,0.0018157578032967604
40,fasting blood sugar,-0.01788196501245185
40,resting ecg,-0.029434931866391404
40,max heart rate,-0.004553575208473588
40,exercise angina,-0.031700752009689234
40,oldpeak,-0.08256672451778607
40,ST slope,-0.19084146185639964
41,age,-0.017048998437543688
41,sex,0.014772527710941933
41,chest pain type,0.1569699628559039
41,resting bp s,-0.0026947823607322416
41,cholesterol,0.039261394553646536
41,fasting blood sugar,0.031315882948165195
41,resting ecg,-0.011356768336014199
41,max heart rate,-0.006663735821735219
41,exercise angina,0.03146788596462139
41,oldpeak,0.003195249452266032
41,ST slope,0.1355228575555452
42,age,-0.05229049376887127
42,sex,0.0050098343168997654
42,chest pain type,0.07302711972324448
42,resting bp s,-0.013765197760008665
42,cholesterol,-0.009105070839183799
42,fasting blood sugar,-0.02131864533646251
42,resting ecg,-0.015832976964413086
42,max heart rate,0.0033128792645897723
42,exercise angina,-0.0373732721256266
42,oldpeak,-0.07055598818434389
42,ST slope,-0.20339717929196033
43,age,-0.005883541633297277
43,sex,0.002501378975559613
43,chest pain type,-0.07819395383081779
43,resting bp s,0.062217018767277456
43,cholesterol,-0.002853345976800733
43,fasting blood sugar,-0.008372321112459634
43,resting ecg,-0.02208831228024327
43,max heart rate,-0.00010661002747744925
43,exercise angina,0.06089818654374015
43,oldpeak,-0.06037953016302709
43,ST slope,-0.17669877609983958
44,age,-0.007040646404820661
44,sex,-0.11026591272082795
44,chest pain type,0.09891995837369723
44,resting bp s,-0.024846639372432113
44,cholesterol,-0.012950591507786855
44,fasting blood sugar,-0.016645767169238306
44,resting ecg,-0.010410823327414618
44,max heart rate,0.04168711097296632
44,exercise angina,0.04827419776596594
44,oldpeak,0.0189174975647907
44,ST slope,0.15674106598419404
45,age,0.0110957741849507
45,sex,0.01519710846656512
45,chest pain type,0.14565134673955277
45,resting bp s,-0.0027196944491610733
45,cholesterol,-0.0007109984507029667
45,fasting blood sugar,-0.008459244823054332
45,resting ecg,0.01733946043264456
45,max heart rate,-0.001600011049375582
45,exercise angina,0.05234564141478785
45,oldpeak,0.014223580269535619
45,ST slope,0.13854582395758808
46,age,0.010373242907253366
46,sex,0.0015175854740430454
46,chest pain type,-0.022880157844185844
46,resting bp s,-0.000822625983750096
46,cholesterol,0.012908824403521141
46,fasting blood sugar,-0.007747087088483792
46,resting ecg,0.04454659829006387
46,max heart rate,-0.011167861399074785
46,exercise angina,-0.01245356879525292
46,oldpeak,0.007930698316244194
46,ST slope,0.19771092873611304
47,age,-0.011329597704864072
47,sex,0.0058540563393624885
47,chest pain type,-0.051542612498325875
47,resting bp s,0.004287618277843837
47,cholesterol,0.0043146554721792
47,fasting blood sugar,-0.0044487429002147616
47,resting ecg,-0.019657894076677
47,max heart rate,-0.0249434844260905
47,exercise angina,0.018678095424086452
47,oldpeak,0.04339042979141857
47,ST slope,0.2026567322448705
48,age,-0.02588131706708998
48,sex,-0.02974002630216933
48,chest pain type,-0.0572901833636308
48,resting bp s,-0.011384760175516668
48,cholesterol,-0.025448349519205896
48,fasting blood sugar,-0.013394298233068576
48,resting ecg,-0.03565341465262818
48,max heart rate,-0.010962134442725298
48,exercise angina,-0.034463896172144855
48,oldpeak,-0.06831402313451845
48,ST slope,-0.2065291319798263
49,age,0.08181663523971701
49,sex,-0.01565463839389537
49,chest pain type,-0.0637137305129682
49,resting bp s,0.015971325673883385
49,cholesterol,0.000916608314613188
49,fasting blood sugar,-0.004473161267590505
49,resting ecg,-0.034769957399980456
49,max heart rate,-0.004251961052258076
49,exercise angina,-0.01759242703734614
49,oldpeak,-0.0038970103563572642
49,ST slope,-0.1715429774263315
50,age,-0.03370407332073372
50,sex,0.0009422672668801046
50,chest pain type,-0.0319102713373708
50,resting bp s,0.019415720397694975
50,cholesterol,-0.032846248587542454
50,fasting blood sugar,-0.007696221324413034
50,resting ecg,-0.025672242707072426
50,max heart rate,-0.029225519368721836
50,exercise angina,-0.02046426408160735
50,oldpeak,0.000776509514500164
50,ST slope,0.24380922511200212
51,age,-0.017885359239049332
51,sex,-0.017851452110694038
51,chest pain type,-0.06665044134882242
51,resting bp s,-0.008958264871021386
51,cholesterol,-0.015664847380288262
51,fasting blood sugar,-0.008823690821004117
51,resting ecg,-0.029007024588127952
51,max heart rate,-0.0019638700705328807
51,exercise angina,-0.02087156307654787
51,oldpeak,-0.05759922034365957
51,ST slope,-0.1927079420491503
52,age,0.006337348519359066
52,sex,0.01556143311767137
52,chest pain type,0.12359991606945504
52,resting bp s,0.009620448419876275
52,cholesterol,0.0075466752143790545
52,fasting blood sugar,-0.0089837527873627
52,resting ecg,-0.010385560036975555
52,max heart rate,0.014527720568463116
52,exercise angina,0.04212429807213319
52,oldpeak,0.025630193337940428
52,ST slope,0.18410118247506418
53,age,0.01648972697496731
53,sex,-0.03007701989494597
53,chest pain type,-0.03407049573163955
53,resting bp s,0.020283254328412048
53,cholesterol,0.012674760592197798
53,fasting blood sugar,-0.012798254143515961
53,resting ecg,0.04685965401608306
53,max heart rate,-0.00027044337375464614
53,exercise angina,-0.01442646401725678
53,oldpeak,7.420152195385572e-05
53,ST slope,0.18373679950767594
54,age,0.0186289107207793
54,sex,0.010740571583461454
54,chest pain type,0.15534057326581704
54,resting bp s,0.015375755949296709
54,cholesterol,0.06436156127739145
54,fasting blood sugar,0.061597892163424005
54,resting ecg,-0.006800187894306011
54,max heart rate,0.004666181648009377
54,exercise angina,0.035198357766046344
54,oldpeak,0.06919512945905992
54,ST slope,-0.10932567075126233
55,age,-0.013859226495678547
55,sex,-0.0014311766047680884
55,chest pain type,-0.07324023365875944
55,resting bp s,-0.004588786236208311
55,cholesterol,0.022530541038529514
55,fasting blood sugar,-0.014924937028905173
55,resting ecg,-0.026288122137798915
55,max heart rate,-0.002371580288517112
55,exercise angina,-0.03438367255473397
55,oldpeak,-0.07601527040335197
55,ST slope,-0.20653127750512995
56,age,0.00593400640438297
56,sex,0.011944254577887095
56,chest pain type,0.13896037055175917
56,resting bp s,-0.011921865944333294
56,cholesterol,-0.030043425617097205
56,fasting blood sugar,-0.009301238825755518
56,resting ecg,0.01352248803967172
56,max heart rate,-0.002330433639132347
56,exercise angina,0.055465709462567736
56,oldpeak,0.02383521328119062
56,ST slope,-0.15890287775099565
57,age,-0.012794350112319471
57,sex,0.0005011965199812287
57,chest pain type,-0.0747685357112873
57,resting bp s,0.009199282123090206
57,cholesterol,-0.009573420616026364
57,fasting blood sugar,-0.007861223698319068
57,resting ecg,-0.031025185335304833
57,max heart rate,-0.012652581937873204
57,exercise angina,-0.024276629564300562
57,oldpeak,-0.06152504290879297
57,ST slope,-0.19834686166074927
58,age,-0.01661810947911666
58,sex,-0.00018059018566017983
58,chest pain type,-0.06099070138321644
58,resting bp s,-0.0057351500239744765
58,cholesterol,-0.015990086553538497
58,fasting blood sugar,-0.01156875520236381
58,resting ecg,-0.024610432188274585
58,max heart rate,-0.02917426668924457
58,exercise angina,-0.03709645283778228
58,oldpeak,-0.062288081804874634
58,ST slope,-0.23370028635515416
59,age,-0.009165125736252746
59,sex,-0.004457168530616777
59,chest pain type,-0.20421553899654427
59,resting bp s,-0.0066924456009191235
59,cholesterol,-0.03257685871035977
59,fasting blood sugar,-0.010388904555183426
59,resting ecg,-0.019649624990683012
59,max heart rate,-0.0303195341821876
59,exercise angina,-0.01054965394573753
59,oldpeak,6.906076182100286e-06
59,ST slope,-0.1751487672865163
60,age,0.017583060981381283
60,sex,0.01191622088289907
60,chest pain type,0.13130466806723806
60,resting bp s,0.0026190702667524732
60,cholesterol,0.028734465197589355
60,fasting blood sugar,-0.00887437933646979
60,resting ecg,-0.008993752057556401
60,max heart rate,0.03779284351795908
60,exercise angina,0.03623275718750191
60,oldpeak,0.019942596969409945
60,ST slope,0.16939444065552137
61,age,-0.005837372899707488
61,sex,0.0022986113526524067
61,chest pain type,-0.04721906124921998
61,resting bp s,0.01888676710067203
61,cholesterol,0.007002224595307476
61,fasting blood sugar,0.009172807118685272
61,resting ecg,-0.0236196154090115
61,max heart rate,-0.020156291704483947
61,exercise angina,-0.011669839068217884
61,oldpeak,-0.005405364752801622
61,ST slope,0.18112845132863897
62,age,0.007847179000409554
62,sex,0.005133705692356582
62,chest pain type,-0.052028404933708694
62,resting bp s,-0.0014445426270003217
62,cholesterol,0.005884258144654668
62,fasting blood sugar,0.015725700866661408
62,resting ecg,-0.02183249036685431
62,max heart rate,-0.023902664351757082
62,exercise angina,0.017196357451471838
62,oldpeak,0.012640395997112128
62,ST slope,0.20672280406233526
63,age,0.01440220874999052
63,sex,0.008135139286858481
63,chest pain type,0.17633469185045209
63,resting bp s,-0.011708742814665865
63,cholesterol,-0.008366899724105427
63,fasting blood sugar,-0.013362809203485395
63,resting ecg,-0.019560036416305864
63,max heart rate,-0.00957226924958742
63,exercise angina,0.06824200061618088
63,oldpeak,0.04748591328940142
63,ST slope,-0.14974767058507557
64,age,-0.023245612681639764
64,sex,-0.012068804388696872
64,chest pain type,-0.03121900320334941
64,resting bp s,0.017252391644619034
64,cholesterol,-0.019060660805757548
64,fasting blood sugar,-0.010964649080041439
64,resting ecg,-0.02390128538748943
64,max heart rate,0.04767950788841975
64,exercise angina,-0.010857978871749333
64,oldpeak,0.0528512084258851
64,ST slope,-0.12498166276223126
65,age,0.007388313801977641
65,sex,0.02354923362542665
65,chest pain type,0.12292483504337547
65,resting bp s,-0.0019754081409797714
65,cholesterol,-0.014344388408501038
65,fasting blood sugar,-0.00891147605156794
65,resting ecg,0.015388715458752337
65,max heart rate,0.02832165919121536
65,exercise angina,0.04153269434499611
65,oldpeak,0.0028496758483823417
65,ST slope,0.17975262202602837
66,age,-0.05343120980101427
66,sex,-0.02975505091196802
66,chest pain type,-0.06855949568357926
66,resting bp s,0.019548646219353965
66,cholesterol,-0.017286486493997548
66,fasting blood sugar,-0.007112976042125786
66,resting ecg,-0.007671536844819955
66,max heart rate,-0.012742561524862068
66,exercise angina,0.030224327436246104
66,oldpeak,-0.04568118113382745
66,ST slope,-0.16650017386463958
67,age,-0.037422252777408835
67,sex,0.005191307897036139
67,chest pain type,0.08877719974271356
67,resting bp s,0.045513002424271545
67,cholesterol,0.06658605659442361
67,fasting blood sugar,0.07234397867604779
67,resting ecg,0.006218540833399225
67,max heart rate,-0.022405012398446035
67,exercise angina,-0.03048680824788335
67,oldpeak,-0.09878379302236623
67,ST slope,-0.18494743330785393
68,age,0.00695857831611361
68,sex,-0.00864373501195741
68,chest pain type,-0.09961758743246127
68,resting bp s,0.00179956722805335
68,cholesterol,0.003517625937933698
68,fasting blood sugar,-0.004187443092051105
68,resting ecg,0.02408475487873368
68,max heart rate,-0.024950746282370564
68,exercise angina,-0.001147272780708258
68,oldpeak,0.01630512452692842
68,ST slope,-0.16444869366219642
69,age,-0.023869791405334347
69,sex,-0.002354012750950004
69,chest pain type,-0.0701795777607035
69,resting bp s,-0.0019086491664758334
69,cholesterol,-0.012192663844241522
69,fasting blood sugar,-0.0075986949228634615
69,resting ecg,-0.04338918813850339
69,max heart rate,-0.001612457331665183
69,exercise angina,-0.021018132215420232
69,oldpeak,-0.0466224086397849
69,ST slope,-0.20575322721171027
70,age,0.021707390370331113
70,sex,0.0018235539443084386
70,chest pain type,-0.09247139289083403
70,resting bp s,-0.017480491075559164
70,cholesterol,0.003436388141286302
70,fasting blood sugar,-0.0038532896543403443
70,resting ecg,-0.017824048525189717
70,max heart rate,-0.015871884370148838
70,exercise angina,-0.014288981066002734
70,oldpeak,0.04033370024309591
70,ST slope,0.10435382922403956
71,age,0.012067969337655412
71,sex,0.015323516427317592
71,chest pain type,0.14583078508032501
71,resting bp s,-0.011690706943558681
71,cholesterol,0.004314742126782966
71,fasting blood sugar,-0.007961474446625795
71,resting ecg,-0.012903053973608308
71,max heart rate,0.0030723897561617994
71,exercise angina,0.0365133625244528
71,oldpeak,0.016286552133577277
71,ST slope,0.1854515645404088
72,age,-0.0004957760742441518
72,sex,0.0019042239791996934
72,chest pain type,-0.05683620480210115
72,resting bp s,0.00141663250276242
72,cholesterol,0.021381232530365384
72,fasting blood sugar,-0.004465974606830469
72,resting ecg,-0.00575558367540493
72,max heart rate,0.024281530343006782
72,exercise angina,0.02801625730672677
72,oldpeak,-0.0024632358056443132
72,ST slope,-0.11869728519875936
73,age,0.02070420514783783
73,sex,0.009968406666689997
73,chest pain type,0.13232362164880554
73,resting bp s,-0.003965664059124619
73,cholesterol,0.0013339134922599933
73,fasting blood sugar,0.018711275388442642
73,resting ecg,-0.009356135023703038
73,max heart rate,0.014675182200961392
73,exercise angina,0.025370869406812668
73,oldpeak,0.016753833164924826
73,ST slope,0.17290300869923875
74,age,-0.026905045087782575
74,sex,-0.019474864619535633
74,chest pain type,-0.05438865537946042
74,resting bp s,-0.016803957129202192
74,cholesterol,-0.019339537136158942
74,fasting blood sugar,-0.008324422594248208
74,resting ecg,0.033484183064934
74,max heart rate,-0.026873532458649336
74,exercise angina,-0.03204422002026769
74,oldpeak,-0.052153145253650814
74,ST slope,-0.22208993501986174
75,age,-0.0021220316220856876
75,sex,-0.0051595926803432125
75,chest pain type,-0.094612866875701
75,resting bp s,-0.01157033059601699
75,cholesterol,-0.0010907405429855296
75,fasting blood sugar,-0.006548914305438923
75,resting ecg,-0.02724748385943136
75,max heart rate,0.013420923661576297
75,exercise angina,-0.008551645952693362
75,oldpeak,0.012447404102592426
75,ST slope,0.176176693582925
76,age,0.005996728776606851
76,sex,0.016946589247715936
76,chest pain type,0.08776021305619855
76,resting bp s,0.00912343749286557
76,cholesterol,-0.018687117630376136
76,fasting blood sugar,-0.015840917696662085
76,resting ecg,-0.017496128307434338
76,max heart rate,-0.006743900382875837
76,exercise angina,-0.025932388565826803
76,oldpeak,-0.02925663211986569
76,ST slope,0.21211422735347366
77,age,0.07527370000561046
77,sex,-0.029266751825731886
77,chest pain type,-0.05143301058881023
77,resting bp s,-0.008572688367730322
77,cholesterol,-0.016426290550708652
77,fasting blood sugar,-0.010759363900121277
77,resting ecg,-0.003243722649998151
77,max heart rate,-0.022565046579325225
77,exercise angina,-0.019590282792325046
77,oldpeak,0.0038102169560203726
77,ST slope,-0.09268712901942061
78,age,0.003024186813167552
78,sex,-0.012029860567601131
78,chest pain type,-0.038247611363115754
78,resting bp s,-0.009287372296940984
78,cholesterol,-0.016209237162650426
78,fasting blood sugar,-0.0089550729400122
78,resting ecg,-0.019503295743454878
78,max heart rate,0.006088444191009903
78,exercise angina,-0.010731933463118307
78,oldpeak,0.04239515820099172
78,ST slope,-0.16138509362156372
79,age,-0.0020063728963531486
79,sex,-0.0025875504748042776
79,chest pain type,-0.058769287418927216
79,resting bp s,-0.014606960795201563
79,cholesterol,-0.0353316371367946
79,fasting blood sugar,-0.005053861543940751
79,resting ecg,0.031497636153192024
79,max heart rate,-0.028488519000130597
79,exercise angina,-0.023928554406257387
79,oldpeak,-0.05400182156819227
79,ST slope,-0.22848038470837861
80,age,0.03296741586962654
80,sex,0.0035077750299858366
80,chest pain type,0.12787880349138392
80,resting bp s,-0.02792431877230348
80,cholesterol,0.029754556249806045
80,fasting blood sugar,-0.017841032761565203
80,resting ecg,-0.011759885837193488
80,max heart rate,-0.01454865720194386
80,exercise angina,0.05703699635535568
80,oldpeak,-0.05760522987661595
80,ST slope,-0.1787420233883783
81,age,0.003947960380185282
81,sex,0.02021796112867731
81,chest pain type,0.10880924576786757
81,resting bp s,-0.0015224901225907173
81,cholesterol,-0.02368575037944356
81,fasting blood sugar,-0.010633516830956926
81,resting ecg,-0.012073920869147521
81,max heart rate,0.028663389777164407
81,exercise angina,0.02814531852883696
81,oldpeak,-0.023026944374933276
81,ST slope,0.23429414203342266
82,age,-0.017471984227499036
82,sex,0.010358144672914316
82,chest pain type,0.12037752377498283
82,resting bp s,-0.0004383937243988926
82,cholesterol,0.04068363601413779
82,fasting blood sugar,0.04862218894158481
82,resting ecg,-0.0015050420856626873
82,max heart rate,-0.015210831471991152
82,exercise angina,-0.012003476176919624
82,oldpeak,-0.01946064794569328
82,ST slope,0.23143566420541298
83,age,0.03306071342888188
83,sex,-0.01368529687861634
83,chest pain type,-0.05488109507538165
83,resting bp s,-0.0007303558383526267
83,cholesterol,-0.021862885341287195
83,fasting blood sugar,-0.0077830181304261
83,resting ecg,-0.03769618430924794
83,max heart rate,0.014300450078432043
83,exercise angina,-0.0215617928704355
83,oldpeak,-0.05483655268766644
83,ST slope,-0.19445967059806354
84,age,-0.013740877556274119
84,sex,-9.108189861821767e-05
84,chest pain type,-0.26146545821052164
84,resting bp s,0.0006600668111501987
84,cholesterol,-0.015878467364191347
84,fasting blood sugar,-0.003958226806326331
84,resting ecg,-0.020754185446198104
84,max heart rate,-0.03765126587018132
84,exercise angina,-0.02311282570113709
84,oldpeak,0.012059343988012556
84,ST slope,0.1413503469207535
85,age,-0.021271880588416763
85,sex,0.011769455834171818
85,chest pain type,0.11046216719953653
85,resting bp s,-0.0009386929507984508
85,cholesterol,-0.049396311694283455
85,fasting blood sugar,-0.003219259972756778
85,resting ecg,-0.01312857868911555
85,max heart rate,0.004741468167574182
85,exercise angina,0.05276070373544602
85,oldpeak,0.01490149946928955
85,ST slope,0.10999784798403352
86,age,-0.03009247207814896
86,sex,-0.0008124912189934013
86,chest pain type,-0.07610928472753795
86,resting bp s,0.03709302278403476
86,cholesterol,-0.025234715178477734
86,fasting blood sugar,0.03462640267821496
86,resting ecg,-0.027612709228765343
86,max heart rate,-0.010022556208276604
86,exercise angina,-0.027141296564884773
86,oldpeak,-0.08200327217284487
86,ST slope,-0.20305557481587982
87,age,0.015458084292715038
87,sex,-0.0045728298479795525
87,chest pain type,-0.02940860900308943
87,resting bp s,0.0007966969143616105
87,cholesterol,-0.02289013173796106
87,fasting blood sugar,-0.0027617165128724754
87,resting ecg,0.034820859770166294
87,max heart rate,-0.014519350909082766
87,exercise angina,-0.014716366785920768
87,oldpeak,0.04485591896662116
87,ST slope,-0.16822018039446704
88,age,0.0006164520309579348
88,sex,-0.0024072687022416842
88,chest pain type,-0.16785281878220903
88,resting bp s,-0.0022157783514087023
88,cholesterol,-0.01845606365069706
88,fasting blood sugar,-0.004083515168266962
88,resting ecg,-0.02171788340456792
88,max heart rate,-0.019274225344369147
88,exercise angina,-0.012223289118576503
88,oldpeak,-0.0050398690727008685
88,ST slope,-0.15273569955013538
89,age,0.02308669718722662
89,sex,-0.006987190946363621
89,chest pain type,-0.04723144179725156
89,resting bp s,0.0013466873480246565
89,cholesterol,0.013711082298190517
89,fasting blood sugar,-0.01184093581180508
89,resting ecg,-0.023132453551750816
89,max heart rate,0.006186182215856201
89,exercise angina,-0.008923266806404019
89,oldpeak,0.03530787775138058
89,ST slope,-0.14261526987805903
90,age,0.02462092316807068
90,sex,0.026224300913021505
90,chest pain type,0.08452000909226369
90,resting bp s,-0.0032447895251771905
90,cholesterol,-0.0006956710095708688
90,fasting blood sugar,-0.012668921916465245
90,resting ecg,0.02201333502401468
90,max heart rate,0.014542590377981177
90,exercise angina,-0.026339029652924017
90,oldpeak,-0.015729830250906875
90,ST slope,0.19602998523573856
91,age,0.0041987064787984895
91,sex,0.02470094253926977
91,chest pain type,0.11045802092030185
91,resting bp s,-0.005805606929909377
91,cholesterol,-0.03962517222186214
91,fasting blood sugar,-0.007595663264565067
91,resting ecg,-0.010202733789727202
91,max heart rate,0.015667646425980026
91,exercise angina,0.06819425517182744
91,oldpeak,-0.007849222368914699
91,ST slope,0.18633989928381373
92,age,0.00955614786512345
92,sex,0.008214316182141607
92,chest pain type,-0.014593436082792802
92,resting bp s,0.0021739167732395407
92,cholesterol,0.03225902239324154
92,fasting blood sugar,0.02769321733171306
92,resting ecg,0.01780504914754132
92,max heart rate,0.05082945295259132
92,exercise angina,0.030573404119742957
92,oldpeak,0.0036190798628154145
92,ST slope,0.18778362597872586
93,age,0.0027423656725663955
93,sex,-0.01951667268645893
93,chest pain type,-0.10494060523449775
93,resting bp s,0.050483777470504934
93,cholesterol,-0.012689310287479872
93,fasting blood sugar,-0.01370433725474618
93,resting ecg,-0.03376144339038468
93,max heart rate,-0.018913093271428955
93,exercise angina,-0.010308269663300415
93,oldpeak,0.0038052716908671064
93,ST slope,-0.11922329600550718
94,age,-0.023555131443703435
94,sex,-0.0006353574968841414
94,chest pain type,-0.08614322217627858
94,resting bp s,-0.016318748337089056
94,cholesterol,0.010937680560922739
94,fasting blood sugar,0.027767375285023283
94,resting ecg,-0.00885650607409821
94,max heart rate,-0.011330864337236565
94,exercise angina,-0.021602308930664345
94,oldpeak,-0.06368925425339067
94,ST slope,-0.17361928228914802
95,age,-0.04891549824826787
95,sex,0.005822367314788219
95,chest pain type,0.06856492289384161
95,resting bp s,0.019827568348038886
95,cholesterol,0.046515347061432434
95,fasting blood sugar,-0.027413387448687203
95,resting ecg,0.010254243669136336
95,max heart rate,-0.009110362328622104
95,exercise angina,-0.03828163691565517
95,oldpeak,-0.09758298475872017
95,ST slope,-0.21341229822868038
96,age,0.002381277430977298
96,sex,-0.0025117190336767844
96,chest pain type,-0.002258045729958071
96,resting bp s,-0.0036927746472337764
96,cholesterol,-0.009373910114512132
96,fasting blood sugar,-0.0049432411347385885
96,resting ecg,0.06077928736673568
96,max heart rate,0.002552094085543968
96,exercise angina,-0.013321481141936719
96,oldpeak,-0.005966168675422224
96,ST slope,0.19739965423516792
97,age,-0.018644938933596263
97,sex,-0.02744642308843689
97,chest pain type,-0.07208326657776214
97,resting bp s,0.01831305309941868
97,cholesterol,-0.009061713308639483
97,fasting blood sugar,-0.005047985749926358
97,resting ecg,0.0026405715438482676
97,max heart rate,-0.0033795914180302583
97,exercise angina,-0.01983700362461957
97,oldpeak,-0.0568687680755794
97,ST slope,-0.15397629189622
98,age,0.014988152475507291
98,sex,0.025432153406405356
98,chest pain type,0.12967240175683123
98,resting bp s,0.011527551825773454
98,cholesterol,-0.01273298643935354
98,fasting blood sugar,-0.0060892687230965
98,resting ecg,0.014872786820709591
98,max heart rate,0.024181738857033744
98,exercise angina,0.0386846035534982
98,oldpeak,0.03258864150065857
98,ST slope,0.15621013751655552
99,age,-0.007272590641394582
99,sex,-0.05932575134231468
99,chest pain type,-0.04759723264139494
99,resting bp s,0.023697798485027694
99,cholesterol,-0.04780790649113241
99,fasting blood sugar,-0.013187240006494686
99,resting ecg,-0.020364458563123952
99,max heart rate,-0.01519289497412055
99,exercise angina,-0.016633217632102154
99,oldpeak,-0.007596526366441413
99,ST slope,0.16604962369624668
100,age,-0.019079423963963168
100,sex,0.003648713670593353
100,chest pain type,0.1317916632005956
100,resting bp s,-0.009096447076351688
100,cholesterol,-0.007617873128673599
100,fasting blood sugar,-0.013391323009590441
100,resting ecg,-0.015702852970381615
100,max heart rate,-0.012636098007080574
100,exercise angina,0.11224356433735987
100,oldpeak,-0.06385734412017337
100,ST slope,-0.20209205965233382
101,age,-0.016188145417649773
101,sex,0.00735619125185835
101,chest pain type,0.09587722330469249
101,resting bp s,-0.004497297908347588
101,cholesterol,0.0620426872107963
101,fasting blood sugar,-0.02673105451730818
101,resting ecg,-0.013307873258941264
101,max heart rate,0.0078028629645882286
101,exercise angina,-0.03856341176058268
101,oldpeak,-0.0825572139666382
101,ST slope,-0.23178947241243955
102,age,0.00819263005933987
102,sex,0.012613645800529094
102,chest pain type,0.15366008035668666
102,resting bp s,-0.02606043499473921
102,cholesterol,-0.013235045772241095
102,fasting blood sugar,-0.01039590015158949
102,resting ecg,-0.014652531878330245
102,max heart rate,-0.011513411329385862
102,exercise angina,0.031042377527940007
102,oldpeak,0.022867850881209052
102,ST slope,0.159479596504251
103,age,-0.038427260355244346
103,sex,0.0010561412325099555
103,chest pain type,0.07429680243809014
103,resting bp s,-0.023926446730193153
103,cholesterol,-0.041569353257358
103,fasting blood sugar,0.027110636642652817
103,resting ecg,-0.007680108458111153
103,max heart rate,-0.03966229369148161
103,exercise angina,-0.05518581933281256
103,oldpeak,-0.08094834549085414
103,ST slope,-0.20318727370618042
104,age,-0.016591059894581418
104,sex,-0.004574842136364901
104,chest pain type,-0.013395777565038217
104,resting bp s,-0.006089376950556345
104,cholesterol,-0.0016118921106652564
104,fasting blood sugar,-0.010507200505819157
104,resting ecg,-0.03589441994352516
104,max heart rate,-0.007258586594809623
104,exercise angina,-0.019225639154623685
104,oldpeak,-0.028005453863254877
104,ST slope,-0.18406512516274115
105,age,-0.007906890862925222
105,sex,0.014636808276404276
105,chest pain type,-0.059022463437004936
105,resting bp s,-0.025290481400671676
105,cholesterol,-0.03569205066389823
105,fasting blood sugar,-0.011032541988339754
105,resting ecg,-0.02194442741277966
105,max heart rate,-0.02258492510888516
105,exercise angina,-0.030962896451799657
105,oldpeak,0.009436243944765558
105,ST slope,0.1730752492899772
106,age,-0.039739103730805976
106,sex,-0.012390509681108356
106,chest pain type,-0.05993790247911795
106,resting bp s,0.010052444133325048
106,cholesterol,-0.010672070521989487
106,fasting blood sugar,-0.009604984340948645
106,resting ecg,-0.0390154777027388
106,max heart rate,0.00037152532928384313
106,exercise angina,-0.019102036804479743
106,oldpeak,-0.06383071634967721
106,ST slope,-0.18814448015969928
107,age,-0.013468101637674817
107,sex,0.013643812564906918
107,chest pain type,0.14056851544979676
107,resting bp s,0.007376864943797394
107,cholesterol,0.001342147411550447
107,fasting blood sugar,-0.007421112891277993
107,resting ecg,-0.011048633749757761
107,max heart rate,0.00012482696191976327
107,exercise angina,0.046970276843961906
107,oldpeak,0.03626550428506289
107,ST slope,0.1968572874677324
108,age,0.029529656692929798
108,sex,-0.0003617549400145013
108,chest pain type,-0.06165645674938334
108,resting bp s,0.02382619890232429
108,cholesterol,-0.011476234482598685
108,fasting blood sugar,-0.01212207957853281
108,resting ecg,-0.019331144158584636
108,max heart rate,-0.015541819868977966
108,exercise angina,0.02720261213423642
108,oldpeak,0.03738056372441266
108,ST slope,-0.13469747792214506
109,age,0.01286500200963936
109,sex,0.013864721191364636
109,chest pain type,0.1205018531095272
109,resting bp s,0.013778122325105531
109,cholesterol,-0.012975039069674957
109,fasting blood sugar,0.017976183335388078
109,resting ecg,0.010926775095829148
109,max heart rate,0.016089478264521246
109,exercise angina,0.03520779942550554
109,oldpeak,0.025257143633518248
109,ST slope,0.1672530217754336
110,age,0.006796947184298957
110,sex,-0.009260535530401503
110,chest pain type,-0.15079658120298398
110,resting bp s,0.017353469493277523
110,cholesterol,0.0032310828638179604
110,fasting blood sugar,-0.005715665704937523
110,resting ecg,0.03416246325598308
110,max heart rate,-0.03453290356573054
110,exercise angina,0.002956564437291197
110,oldpeak,-0.017321615986280608
110,ST slope,0.15390241140590324
111,age,-0.029823518489072286
111,sex,0.00815188801957114
111,chest pain type,0.13059373827551674
111,resting bp s,0.006284104853916331
111,cholesterol,0.07239168400996651
111,fasting blood sugar,0.07302579203823045
111,resting ecg,0.009710163784578011
111,max heart rate,-0.0025376213214963485
111,exercise angina,-0.025430648221805185
111,oldpeak,0.08825096025618523
111,ST slope,-0.12606141189953463
112,age,0.004399322537124621
112,sex,0.016565244228454883
112,chest pain type,0.14171737372369803
112,resting bp s,0.006017780666542051
112,cholesterol,-0.001527553706626197
112,fasting blood sugar,-0.00842402890721106
112,resting ecg,-0.013280906685266325
112,max heart rate,-0.0021295706874012643
112,exercise angina,0.05111659176383722
112,oldpeak,-0.002448107414600573
112,ST slope,0.1776118390272245
113,age,-0.025112443533922713
113,sex,0.016886219250810994
113,chest pain type,0.13070505625532342
113,resting bp s,0.005541784197496632
113,cholesterol,-0.02223127355555397
113,fasting blood sugar,-0.012420509735390824
113,resting ecg,-0.013687258835392744
113,max heart rate,0.004373082310448416
113,exercise angina,0.03278709064184918
113,oldpeak,0.011152291559173933
113,ST slope,0.16873297119540692
114,age,-0.018419269094745887
114,sex,-0.005113679303327097
114,chest pain type,-0.1659632122191659
114,resting bp s,0.030833948188126598
114,cholesterol,-0.0031909283871890464
114,fasting blood sugar,-0.013717152497591291
114,resting ecg,-0.028119809135809703
114,max heart rate,-0.02384511841717398
114,exercise angina,0.004091366214427126
114,oldpeak,0.022213246473532868
114,ST slope,-0.1509584159262356
115,age,0.01829336972883395
115,sex,-0.04154887418778212
115,chest pain type,-0.032068933643146946
115,resting bp s,-0.009552927291951067
115,cholesterol,0.011896598099507502
115,fasting blood sugar,0.03013202488770442
115,resting ecg,-0.018709633878685853
115,max heart rate,-0.003967926797051617
115,exercise angina,-0.017743306467851976
115,oldpeak,0.004986422171263575
115,ST slope,0.21718699144831546
116,age,0.005506846588699475
116,sex,0.01715839256601844
116,chest pain type,0.09659520703600935
116,resting bp s,-0.012600512807458695
116,cholesterol,-0.020062613856233598
116,fasting blood sugar,-0.015564281247323982
116,resting ecg,-0.013331332067893024
116,max heart rate,0.020280903681395887
116,exercise angina,-0.018327981804491984
116,oldpeak,-0.01611680156940136
116,ST slope,0.252841270731691
117,age,-0.013402213960543514
117,sex,0.01261440902559671
117,chest pain type,0.08379184379018148
117,resting bp s,-0.0014792804608310646
117,cholesterol,-0.03668453065989366
117,fasting blood sugar,-0.010482315090226698
117,resting ecg,-0.008353758900281758
117,max heart rate,0.004582797634614129
117,exercise angina,-0.029148122144900295
117,oldpeak,-0.006731894222873776
117,ST slope,0.23746735909442795
118,age,-0.0013673059950476672
118,sex,0.022249865577207876
118,chest pain type,0.13260158538110048
118,resting bp s,-0.010234123450044198
118,cholesterol,-0.003619487789081084
118,fasting blood sugar,-0.006935595740336379
118,resting ecg,-0.015522257855236067
118,max heart rate,0.029824679889959134
118,exercise angina,0.04725417244601332
118,oldpeak,0.027666980194985168
118,ST slope,0.18198304179365593
119,age,0.04173075684033697
119,sex,0.0066247851992238815
119,chest pain type,0.08860560244323612
119,resting bp s,0.0044855156070208665
119,cholesterol,-0.03727697241787152
119,fasting blood sugar,-0.019499640621384436
119,resting ecg,-0.02314747154591233
119,max heart rate,-0.02623852774719485
119,exercise angina,-0.048952849732075074
119,oldpeak,-0.001088293000144142
119,ST slope,-0.16682117794083734
120,age,0.01658653560389394
120,sex,0.016420044852022204
120,chest pain type,0.11747134995036855
120,resting bp s,0.017000284088061018
120,cholesterol,-0.026626739466946877
120,fasting blood sugar,-0.006368163994047282
120,resting ecg,-0.011171542723317709
120,max heart rate,0.017853088521630985
120,exercise angina,0.054856737413641485
120,oldpeak,0.0202125993218099
120,ST slope,0.16944702340067042
121,age,0.023790899343264876
121,sex,0.004216326590987769
121,chest pain type,-0.05705807449482186
121,resting bp s,-0.01906140763292306
121,cholesterol,0.018733709593253177
121,fasting blood sugar,-0.006053149775857411
121,resting ecg,-0.04441614346706557
121,max heart rate,-0.06654353935382115
121,exercise angina,-0.02130035398978396
121,oldpeak,-0.003998478362994884
121,ST slope,0.1358412515023057
122,age,0.009887991183860719
122,sex,0.01810641302257688
122,chest pain type,0.08593503113830059
122,resting bp s,-0.003845460563375499
122,cholesterol,-0.0006191248604400948
122,fasting blood sugar,-0.008238100959699785
122,resting ecg,0.014138319228030586
122,max heart rate,0.019361904587241623
122,exercise angina,0.035380276223374
122,oldpeak,-0.015264667263485888
122,ST slope,0.20141336801031903
123,age,0.006398242088855214
123,sex,-0.00228374322834724
123,chest pain type,-0.2151536046301358
123,resting bp s,-0.007179027257686609
123,cholesterol,-0.002428861429912898
123,fasting blood sugar,0.014426099174404558
123,resting ecg,-0.003349695323758502
123,max heart rate,0.008200410679916236
123,exercise angina,-0.021534552475674214
123,oldpeak,0.0031117081220829244
123,ST slope,-0.06187537612202345
124,age,-0.046261525933176464
124,sex,-0.001475835239286549
124,chest pain type,-0.06778074267268337
124,resting bp s,-0.00472896972078118
124,cholesterol,-0.002281632259129535
124,fasting blood sugar,-0.014627611002938676
124,resting ecg,-0.019726295247620474
124,max heart rate,-0.013673150937359964
124,exercise angina,-0.0234236775367365
124,oldpeak,-0.0849976332638881
124,ST slope,-0.21695703093935073
125,age,-0.030636727613432595
125,sex,-0.0020949380482961077
125,chest pain type,-0.05957513677145811
125,resting bp s,-0.0012990804800550202
125,cholesterol,-0.019872092972773567
125,fasting blood sugar,-0.013542006120692542
125,resting ecg,-0.0319559644254553
125,max heart rate,-0.004911416325763878
125,exercise angina,-0.033056905100955186
125,oldpeak,-0.061555159493053936
125,ST slope,-0.23179238781149586
126,age,0.014337243488796024
126,sex,-0.0011606768618422723
126,chest pain type,-0.06645389750204704
126,resting bp s,-0.013530550659997177
126,cholesterol,-0.004816635572447864
126,fasting blood sugar,-0.008490312783291064
126,resting ecg,-0.03530111571100493
126,max heart rate,-0.016886943148552498
126,exercise angina,-0.0244328074923874
126,oldpeak,-0.060808201071160944
126,ST slope,-0.2123899843876575
127,age,0.028560751686821557
127,sex,0.008603931847626308
127,chest pain type,0.1912995639548968
127,resting bp s,-0.006939854886729047
127,cholesterol,-0.04596016497047588
127,fasting blood sugar,0.026799196071820068
127,resting ecg,0.013833840236287233
127,max heart rate,-0.01272205125048156
127,exercise angina,0.045888344153914504
127,oldpeak,0.0460101395553825
127,ST slope,-0.1327879826178148
128,age,0.003976589989183982
128,sex,0.016711113291594044
128,chest pain type,0.11558444420387227
128,resting bp s,0.01140765041739011
128,cholesterol,0.04277904778314433
128,fasting blood sugar,0.028703885191168184
128,resting ecg,-0.004950753574281238
128,max heart rate,0.02605537459781965
128,exercise angina,0.02352655094688661
128,oldpeak,0.00118980320544722
128,ST slope,0.13039994035489666
129,age,-0.021711373582869665
129,sex,0.01800769889492502
129,chest pain type,0.12959358508656812
129,resting bp s,-0.004578434046495101
129,cholesterol,0.006690317034860617
129,fasting blood sugar,0.030117398843100444
129,resting ecg,-0.03333279817338984
129,max heart rate,-0.004853330528057957
129,exercise angina,0.036600588854956845
129,oldpeak,-0.03734871210974107
129,ST slope,0.18221630177425838
130,age,0.037660039162200495
130,sex,-0.02438651711502922
130,chest pain type,-0.04931712047729789
130,resting bp s,-0.0055054091391969
130,cholesterol,-0.022653030856807792
130,fasting blood sugar,-0.015487312334507867
130,resting ecg,-0.0261467519613958
130,max heart rate,-0.02320094878589208
130,exercise angina,-0.02506874228493491
130,oldpeak,0.04800006242394268
130,ST slope,-0.13028994543007846
131,age,-0.009813370397664658
131,sex,-0.008222928359291223
131,chest pain type,-0.1631585105737064
131,resting bp s,-0.007919788304616841
131,cholesterol,0.0044678536316210705
131,fasting blood sugar,-0.009757516278752607
131,resting ecg,0.024243845771251753
131,max heart rate,-0.015760400716408877
131,exercise angina,0.0005364874775771381
131,oldpeak,0.021201481051400458
131,ST slope,-0.153461855571986
132,age,0.0007851401156380273
132,sex,-0.035826476824123196
132,chest pain type,-0.009712521426019366
132,resting bp s,0.00016412796520166002
132,cholesterol,-0.007053372286509317
132,fasting blood sugar,-0.007904275616481753
132,resting ecg,-0.018100813004518792
132,max heart rate,0.016823740862207528
132,exercise angina,-0.024148720097886472
132,oldpeak,-0.019828950603526435
132,ST slope,0.20244158489588374
133,age,0.015410052227782443
133,sex,0.02029690951075794
133,chest pain type,0.1195794671219012
133,resting bp s,-0.006560615570655996
133,cholesterol,0.04017379956886446
133,fasting blood sugar,0.03622295998509664
133,resting ecg,0.015686902329009593
133,max heart rate,0.013317769646048815
133,exercise angina,-0.017307251183092214
133,oldpeak,-0.0022949359905248983
133,ST slope,0.1579480233602387
134,age,-0.03598312182412746
134,sex,0.004572365822317841
134,chest pain type,0.05671769310238836
134,resting bp s,-0.007111049556326756
134,cholesterol,-0.02709846896320772
134,fasting blood sugar,-0.021318051254877412
134,resting ecg,-0.018930373204003672
134,max heart rate,-0.015733521605271646
134,exercise angina,-0.05290086383163486
134,oldpeak,-0.08666331156342022
134,ST slope,-0.2468215880347332
135,age,-0.01175225427901865
135,sex,0.025126317089936734
135,chest pain type,0.11022540981167962
135,resting bp s,-0.0024013020209808144
135,cholesterol,-0.01734351840505259
135,fasting blood sugar,-0.013510688453693413
135,resting ecg,-0.01725080251320145
135,max heart rate,0.01245619758989531
135,exercise angina,-0.025583813460268088
135,oldpeak,-0.014990725378775084
135,ST slope,0.2627635097728368
136,age,-0.04029546344822005
136,sex,0.003960344222568128
136,chest pain type,0.0619628152682795
136,resting bp s,-0.004331578397553839
136,cholesterol,-0.018209823288740885
136,fasting blood sugar,-0.02041585706860543
136,resting ecg,-0.020501806050978545
136,max heart rate,-0.02757465547822709
136,exercise angina,-0.05460344379377401
136,oldpeak,-0.09173668162211987
136,ST slope,-0.24329523240462433
137,age,-0.05898962077048021
137,sex,-0.0024537409369360186
137,chest pain type,-0.06144508459365103
137,resting bp s,-0.0038821608011872684
137,cholesterol,-0.0026332793399011217
137,fasting blood sugar,-0.013243432705130776
137,resting ecg,-0.02664091626132352
137,max heart rate,-0.01630028469515715
137,exercise angina,-0.02163072173365711
137,oldpeak,-0.07577026207244872
137,ST slope,-0.22255200721099072
138,age,-0.0391798318108009
138,sex,0.00551806883171282
138,chest pain type,0.08527152246255428
138,resting bp s,0.033019044600600865
138,cholesterol,-0.01889270530175182
138,fasting blood sugar,-0.014824937954748662
138,resting ecg,0.03222515238919141
138,max heart rate,-0.0008429203429782645
138,exercise angina,-0.046487603476957504
138,oldpeak,-0.07247938242800427
138,ST slope,-0.16736271432939415
139,age,-0.0025501891115833706
139,sex,-0.0037918330221298887
139,chest pain type,-0.19982393924886985
139,resting bp s,-0.012818550200452548
139,cholesterol,-0.015291608712076795
139,fasting blood sugar,-0.009431003969964246
139,resting ecg,-0.024326169284878307
139,max heart rate,-0.012871988868473723
139,exercise angina,0.00672888795968614
139,oldpeak,0.0029740007485859633
139,ST slope,-0.16971644018764712
140,age,0.029006230297007128
140,sex,-0.06890902214531859
140,chest pain type,0.11448079683239698
140,resting bp s,0.019556762795009845
140,cholesterol,0.011892808112285325
140,fasting blood sugar,-0.012935133865773005
140,resting ecg,-0.004581404037514255
140,max heart rate,0.002980668325820504
140,exercise angina,0.07005508122402852
140,oldpeak,-0.010341879185856788
140,ST slope,0.16465739342959287
141,age,-0.016357709463189145
141,sex,-0.0004680093746642636
141,chest pain type,-0.07006722849924443
141,resting bp s,-0.0068260910885224405
141,cholesterol,-0.020925726317256147
141,fasting blood sugar,-0.007428724398461132
141,resting ecg,0.0022406927648601074
141,max heart rate,-0.02323933874522469
141,exercise angina,-0.031096227165589234
141,oldpeak,-0.05743443332442877
141,ST slope,-0.21346811830715368
142,age,0.004582741880281476
142,sex,0.019888274896169882
142,chest pain type,0.11938761744729212
142,resting bp s,0.0019139023484748487
142,cholesterol,-0.010549378105697954
142,fasting blood sugar,0.02888534960401981
142,resting ecg,0.014889407384788859
142,max heart rate,0.020470290292088612
142,exercise angina,0.04074282741972991
142,oldpeak,0.005219217718303571
142,ST slope,0.16841250098673605
143,age,-0.0014426778062221202
143,sex,-0.0038252794015444626
143,chest pain type,-0.21829315944359634
143,resting bp s,-0.00457396844077192
143,cholesterol,-0.01546282641728219
143,fasting blood sugar,-0.00948534753794782
143,resting ecg,-0.019693045267679996
143,max heart rate,-0.023805012561387624
143,exercise angina,-0.012786186869347368
143,oldpeak,0.005375396299215035
143,ST slope,-0.14593753413684077
144,age,-0.035663666055714624
144,sex,0.010088102629319085
144,chest pain type,0.1272221182683524
144,resting bp s,-0.014744025039506062
144,cholesterol,-0.012036299157499179
144,fasting blood sugar,0.028189864269862565
144,resting ecg,0.0020238728989322003
144,max heart rate,-0.00388592156651859
144,exercise angina,0.06552558236231094
144,oldpeak,-0.074962618188188
144,ST slope,-0.1670439843234524
145,age,-0.016430000803710307
145,sex,0.004899210912781486
145,chest pain type,-0.043144690077491714
145,resting bp s,-0.001578353378691338
145,cholesterol,-0.02148945362942158
145,fasting blood sugar,-0.00985027250685772
145,resting ecg,0.05555782441693521
145,max heart rate,-0.03634535212125052
145,exercise angina,-0.010313298005739182
145,oldpeak,0.0015681390065477889
145,ST slope,0.24962973508071376
146,age,-0.00028210562508663
146,sex,0.008401892460625586
146,chest pain type,-0.04043015811584384
146,resting bp s,-0.0080167518426136
146,cholesterol,0.033086659042389666
146,fasting blood sugar,-0.009772145824566562
146,resting ecg,0.0306502386110377
146,max heart rate,0.02172880725272547
146,exercise angina,-0.02593550639023829
146,oldpeak,0.0025727934001718764
146,ST slope,0.1687087432884401
147,age,-0.02998186391283794
147,sex,0.007825011609471815
147,chest pain type,0.07863866780226432
147,resting bp s,-0.0027021294714093614
147,cholesterol,-0.004123593793142742
147,fasting blood sugar,0.03215210953985061
147,resting ecg,0.017696334165084905
147,max heart rate,0.016332139620770666
147,exercise angina,-0.012236007861593404
147,oldpeak,-0.0035852344005882168
147,ST slope,0.19462346708838693
148,age,-0.0539495582812022
148,sex,-0.012913572044297314
148,chest pain type,-0.044352249446983245
148,resting bp s,-0.003463054970313981
148,cholesterol,-0.01607890307228768
148,fasting blood sugar,-0.010334120298129393
148,resting ecg,0.02678018634731772
148,max heart rate,-0.005135616384790822
148,exercise angina,-0.024416243726324834
148,oldpeak,-0.06430784885917529
148,ST slope,-0.200366961753414
149,age,-0.0019604145231038052
149,sex,0.00042699846639153503
149,chest pain type,-0.055771736561639855
149,resting bp s,-0.03818978084697052
149,cholesterol,0.003918641641619985
149,fasting blood sugar,0.015495978601753954
149,resting ecg,-0.029744236511924777
149,max heart rate,-0.027666211828818718
149,exercise angina,0.01824012765343322
149,oldpeak,-0.00035869531170186687
149,ST slope,0.15268434015492804
